-- phpMyAdmin SQL Dump
-- version 4.9.5
-- https://www.phpmyadmin.net/
--
-- Host: localhost:3306
-- Generation Time: Sep 29, 2020 at 02:08 PM
-- Server version: 5.6.47
-- PHP Version: 7.3.6

SET SQL_MODE = "NO_AUTO_VALUE_ON_ZERO";
SET AUTOCOMMIT = 0;
START TRANSACTION;
SET time_zone = "+00:00";


/*!40101 SET @OLD_CHARACTER_SET_CLIENT=@@CHARACTER_SET_CLIENT */;
/*!40101 SET @OLD_CHARACTER_SET_RESULTS=@@CHARACTER_SET_RESULTS */;
/*!40101 SET @OLD_COLLATION_CONNECTION=@@COLLATION_CONNECTION */;
/*!40101 SET NAMES utf8mb4 */;

--
-- Database: `mjpesbno_crouch_end`
--

-- --------------------------------------------------------

--
-- Table structure for table `admin`
--

CREATE TABLE `admin` (
  `id` int(11) NOT NULL,
  `name` varchar(255) NOT NULL,
  `email` varchar(255) NOT NULL,
  `password` varchar(255) NOT NULL,
  `image` varchar(255) NOT NULL,
  `created_at` datetime NOT NULL DEFAULT CURRENT_TIMESTAMP,
  `updated_at` datetime NOT NULL DEFAULT CURRENT_TIMESTAMP
) ENGINE=InnoDB DEFAULT CHARSET=latin1;

--
-- Dumping data for table `admin`
--

INSERT INTO `admin` (`id`, `name`, `email`, `password`, `image`, `created_at`, `updated_at`) VALUES
(1, 'admin', 'admin@gmail.com', 'aaaaaa', '5f5dfc36bd8f7.jpg', '2020-08-15 16:54:17', '2020-08-15 16:54:17');

-- --------------------------------------------------------

--
-- Table structure for table `comment_like`
--

CREATE TABLE `comment_like` (
  `id` int(11) NOT NULL,
  `user_id` int(11) NOT NULL,
  `comment_id` int(11) NOT NULL,
  `created_at` timestamp NOT NULL DEFAULT CURRENT_TIMESTAMP,
  `updated_at` timestamp NOT NULL DEFAULT CURRENT_TIMESTAMP
) ENGINE=MyISAM DEFAULT CHARSET=latin1;

--
-- Dumping data for table `comment_like`
--

INSERT INTO `comment_like` (`id`, `user_id`, `comment_id`, `created_at`, `updated_at`) VALUES
(1, 35, 13, '2020-09-15 12:37:14', '2020-09-15 12:37:14'),
(2, 35, 14, '2020-09-15 12:37:51', '2020-09-15 12:37:51'),
(3, 35, 12, '2020-09-15 14:04:27', '2020-09-15 14:04:27'),
(4, 35, 12, '2020-09-15 14:05:36', '2020-09-15 14:05:36'),
(5, 35, 16, '2020-09-15 14:05:51', '2020-09-15 14:05:51'),
(21, 35, 17, '2020-09-15 16:33:20', '2020-09-15 16:33:20'),
(20, 35, 22, '2020-09-15 14:32:09', '2020-09-15 14:32:09'),
(31, 34, 25, '2020-09-16 15:07:44', '2020-09-16 15:07:44'),
(60, 34, 115, '2020-09-20 13:03:31', '2020-09-20 13:03:31'),
(29, 34, 28, '2020-09-16 12:35:39', '2020-09-16 12:35:39'),
(28, 35, 20, '2020-09-15 17:02:37', '2020-09-15 17:02:37'),
(32, 34, 22, '2020-09-16 15:07:50', '2020-09-16 15:07:50'),
(33, 35, 31, '2020-09-16 15:14:06', '2020-09-16 15:14:06'),
(34, 37, 33, '2020-09-16 16:07:43', '2020-09-16 16:07:43'),
(35, 35, 55, '2020-09-19 08:00:08', '2020-09-19 08:00:08'),
(36, 41, 60, '2020-09-19 21:47:06', '2020-09-19 21:47:06'),
(37, 41, 72, '2020-09-19 21:47:07', '2020-09-19 21:47:07'),
(38, 34, 112, '2020-09-20 12:37:53', '2020-09-20 12:37:53'),
(39, 34, 112, '2020-09-20 12:37:54', '2020-09-20 12:37:54'),
(40, 34, 112, '2020-09-20 12:37:56', '2020-09-20 12:37:56'),
(41, 34, 111, '2020-09-20 12:38:02', '2020-09-20 12:38:02'),
(42, 34, 110, '2020-09-20 12:38:03', '2020-09-20 12:38:03'),
(43, 34, 115, '2020-09-20 12:51:29', '2020-09-20 12:51:29'),
(44, 34, 115, '2020-09-20 12:51:31', '2020-09-20 12:51:31'),
(45, 34, 12, '2020-09-20 12:54:27', '2020-09-20 12:54:27'),
(46, 34, 12, '2020-09-20 12:54:29', '2020-09-20 12:54:29'),
(47, 34, 12, '2020-09-20 12:55:08', '2020-09-20 12:55:08'),
(48, 34, 12, '2020-09-20 12:55:11', '2020-09-20 12:55:11'),
(49, 34, 12, '2020-09-20 12:55:12', '2020-09-20 12:55:12'),
(50, 34, 12, '2020-09-20 12:55:12', '2020-09-20 12:55:12'),
(51, 34, 12, '2020-09-20 12:55:12', '2020-09-20 12:55:12'),
(52, 34, 12, '2020-09-20 12:55:12', '2020-09-20 12:55:12'),
(53, 34, 12, '2020-09-20 12:55:13', '2020-09-20 12:55:13'),
(54, 34, 12, '2020-09-20 12:55:13', '2020-09-20 12:55:13'),
(55, 34, 12, '2020-09-20 12:55:13', '2020-09-20 12:55:13'),
(56, 34, 12, '2020-09-20 12:55:13', '2020-09-20 12:55:13'),
(57, 34, 12, '2020-09-20 12:55:13', '2020-09-20 12:55:13'),
(58, 34, 12, '2020-09-20 12:55:14', '2020-09-20 12:55:14'),
(59, 34, 12, '2020-09-20 12:55:14', '2020-09-20 12:55:14'),
(62, 34, 115, '2020-09-20 13:03:50', '2020-09-20 13:03:50'),
(64, 37, 44, '2020-09-21 09:24:06', '2020-09-21 09:24:06'),
(65, 37, 44, '2020-09-21 09:24:06', '2020-09-21 09:24:06'),
(66, 37, 49, '2020-09-21 09:24:11', '2020-09-21 09:24:11'),
(67, 37, 50, '2020-09-21 09:24:14', '2020-09-21 09:24:14'),
(73, 38, 148, '2020-09-21 20:26:24', '2020-09-21 20:26:24'),
(71, 38, 147, '2020-09-21 20:26:14', '2020-09-21 20:26:14');

-- --------------------------------------------------------

--
-- Table structure for table `comment_reply`
--

CREATE TABLE `comment_reply` (
  `id` int(11) NOT NULL,
  `user_id` int(11) NOT NULL,
  `comment_id` int(11) NOT NULL,
  `reply` varchar(500) NOT NULL,
  `status` int(11) NOT NULL DEFAULT '1',
  `updated_at` timestamp NOT NULL DEFAULT CURRENT_TIMESTAMP,
  `created_at` timestamp NOT NULL DEFAULT CURRENT_TIMESTAMP
) ENGINE=InnoDB DEFAULT CHARSET=latin1;

--
-- Dumping data for table `comment_reply`
--

INSERT INTO `comment_reply` (`id`, `user_id`, `comment_id`, `reply`, `status`, `updated_at`, `created_at`) VALUES
(1, 35, 12, 'This  is reply to comment', 1, '2020-09-15 14:39:25', '2020-09-15 14:39:25'),
(2, 35, 12, 'This  is reply to comment', 1, '2020-09-15 14:39:27', '2020-09-15 14:39:27'),
(3, 35, 12, 'Comment', 1, '2020-09-15 14:47:05', '2020-09-15 14:47:05'),
(4, 35, 12, 'Comment2', 1, '2020-09-15 14:47:31', '2020-09-15 14:47:31'),
(6, 35, 12, 'Gg', 1, '2020-09-15 15:01:01', '2020-09-15 15:01:01'),
(7, 35, 13, '22', 1, '2020-09-15 15:43:49', '2020-09-15 15:43:49'),
(8, 35, 14, '23', 1, '2020-09-15 15:45:35', '2020-09-15 15:45:35'),
(9, 35, 16, 'Double ok', 1, '2020-09-15 15:47:22', '2020-09-15 15:47:22'),
(10, 34, 16, 'Ggg ok', 1, '2020-09-15 15:49:52', '2020-09-15 15:49:52'),
(11, 35, 26, 'Gggg', 1, '2020-09-15 16:38:25', '2020-09-15 16:38:25'),
(12, 35, 20, 'Reply to comment', 1, '2020-09-15 16:50:19', '2020-09-15 16:50:19'),
(13, 35, 20, 'An other reply', 1, '2020-09-15 16:52:07', '2020-09-15 16:52:07'),
(14, 35, 20, 'Third comment', 1, '2020-09-15 17:02:48', '2020-09-15 17:02:48'),
(15, 34, 28, 'Gsgavaga', 1, '2020-09-16 12:36:11', '2020-09-16 12:36:11'),
(16, 35, 31, 'Comment reply', 1, '2020-09-16 15:14:23', '2020-09-16 15:14:23'),
(17, 37, 31, 'Hi popo ', 1, '2020-09-16 16:07:26', '2020-09-16 16:07:26'),
(18, 37, 35, 'Hi Charlotte ', 1, '2020-09-17 12:26:20', '2020-09-17 12:26:20'),
(19, 34, 70, 'Ok reply', 1, '2020-09-20 09:38:39', '2020-09-20 09:38:39'),
(20, 34, 84, 'Reply of testperson', 1, '2020-09-20 09:40:53', '2020-09-20 09:40:53'),
(21, 34, 84, 'Comment', 1, '2020-09-20 09:45:52', '2020-09-20 09:45:52'),
(22, 34, 85, 'Ok no scroll', 1, '2020-09-20 09:57:18', '2020-09-20 09:57:18'),
(23, 34, 89, 'Asdasdasfddsafsadfsdsadsasdasdsdad', 1, '2020-09-20 09:57:42', '2020-09-20 09:57:42'),
(24, 34, 88, 'Not scroll', 1, '2020-09-20 10:01:44', '2020-09-20 10:01:44'),
(25, 34, 85, 'No scrolll happpening', 1, '2020-09-20 10:02:28', '2020-09-20 10:02:28'),
(26, 34, 52, 'Comment', 1, '2020-09-20 10:04:07', '2020-09-20 10:04:07'),
(27, 34, 53, 'Comment reply', 1, '2020-09-20 10:06:17', '2020-09-20 10:06:17'),
(28, 34, 42, 'Popo cooment', 1, '2020-09-20 10:08:58', '2020-09-20 10:08:58'),
(29, 34, 42, 'Comment reply first', 1, '2020-09-20 10:10:19', '2020-09-20 10:10:19'),
(30, 34, 12, 'Replydasdasdasdasdasda', 1, '2020-09-20 11:55:52', '2020-09-20 11:55:52'),
(31, 41, 43, 'Test', 1, '2020-09-20 12:09:26', '2020-09-20 12:09:26'),
(32, 41, 43, 'Test', 1, '2020-09-20 12:09:26', '2020-09-20 12:09:26'),
(33, 34, 13, '222', 1, '2020-09-20 12:25:33', '2020-09-20 12:25:33'),
(35, 34, 105, 'A reply', 1, '2020-09-20 12:40:13', '2020-09-20 12:40:13'),
(36, 34, 105, 'Another', 1, '2020-09-20 12:41:52', '2020-09-20 12:41:52'),
(37, 34, 115, 'Thanks dear', 1, '2020-09-20 12:48:17', '2020-09-20 12:48:17'),
(38, 34, 116, 'A new reply', 1, '2020-09-20 13:05:14', '2020-09-20 13:05:14'),
(39, 35, 108, 'Reply to your comment', 1, '2020-09-21 06:07:47', '2020-09-21 06:07:47'),
(40, 35, 71, 'It is a reply', 1, '2020-09-21 06:08:58', '2020-09-21 06:08:58'),
(41, 35, 111, 'Reply', 1, '2020-09-21 06:10:08', '2020-09-21 06:10:08'),
(42, 35, 107, 'Redasdasda', 1, '2020-09-21 06:10:34', '2020-09-21 06:10:34'),
(43, 37, 44, 'Gdhxjxjxj cbh xhxjxnx hchxhxudjcj bcbx', 1, '2020-09-21 09:19:11', '2020-09-21 09:19:11'),
(44, 37, 44, 'Ggffffff', 1, '2020-09-21 09:19:47', '2020-09-21 09:19:47'),
(45, 37, 50, 'Move to. Top', 1, '2020-09-21 09:22:32', '2020-09-21 09:22:32'),
(46, 34, 34, 'Hi', 1, '2020-09-21 11:30:55', '2020-09-21 11:30:55'),
(47, 34, 36, 'Fdfdsa', 1, '2020-09-21 12:19:42', '2020-09-21 12:19:42'),
(48, 34, 36, 'Asdasda', 1, '2020-09-21 12:19:59', '2020-09-21 12:19:59'),
(49, 34, 13, '55555', 1, '2020-09-21 12:58:25', '2020-09-21 12:58:25'),
(50, 34, 80, 'Simple reply', 1, '2020-09-21 13:00:35', '2020-09-21 13:00:35'),
(51, 42, 41, '', 1, '2020-09-21 14:22:01', '2020-09-21 14:22:01'),
(52, 42, 41, 'Gggg', 1, '2020-09-21 14:22:31', '2020-09-21 14:22:31'),
(53, 42, 61, 'Vvvv', 1, '2020-09-21 14:23:05', '2020-09-21 14:23:05'),
(54, 42, 137, 'Bari fit ha', 1, '2020-09-21 15:36:18', '2020-09-21 15:36:18'),
(55, 42, 137, 'Ggggvv', 1, '2020-09-21 15:44:35', '2020-09-21 15:44:35'),
(56, 47, 121, 'A reply', 1, '2020-09-21 18:26:22', '2020-09-21 18:26:22'),
(57, 38, 50, ' Hi mam', 1, '2020-09-21 20:20:31', '2020-09-21 20:20:31'),
(58, 49, 44, 'Vtvhdg', 1, '2020-09-29 06:00:43', '2020-09-29 06:00:43');

-- --------------------------------------------------------

--
-- Table structure for table `liked_posts`
--

CREATE TABLE `liked_posts` (
  `id` int(11) NOT NULL,
  `user_id` int(11) NOT NULL,
  `post_id` int(11) NOT NULL,
  `reaction` tinyint(4) NOT NULL,
  `created_at` timestamp NOT NULL DEFAULT CURRENT_TIMESTAMP,
  `updated_at` timestamp NOT NULL DEFAULT CURRENT_TIMESTAMP
) ENGINE=InnoDB DEFAULT CHARSET=latin1;

--
-- Dumping data for table `liked_posts`
--

INSERT INTO `liked_posts` (`id`, `user_id`, `post_id`, `reaction`, `created_at`, `updated_at`) VALUES
(30, 36, 40, 0, '2020-09-14 16:49:25', '2020-09-14 16:49:25'),
(31, 36, 41, 0, '2020-09-14 16:50:46', '2020-09-14 16:50:46'),
(53, 37, 51, 0, '2020-09-16 16:10:08', '2020-09-16 16:10:08'),
(54, 37, 50, 0, '2020-09-16 16:10:11', '2020-09-16 16:10:11'),
(56, 37, 44, 0, '2020-09-16 16:18:47', '2020-09-16 16:18:47'),
(57, 37, 43, 0, '2020-09-16 16:18:50', '2020-09-16 16:18:50'),
(63, 39, 44, 0, '2020-09-16 16:36:53', '2020-09-16 16:36:53'),
(64, 39, 43, 0, '2020-09-16 16:36:57', '2020-09-16 16:36:57'),
(65, 39, 47, 0, '2020-09-16 16:38:35', '2020-09-16 16:38:35'),
(66, 39, 47, 0, '2020-09-16 16:38:36', '2020-09-16 16:38:36'),
(72, 39, 42, 0, '2020-09-16 16:38:48', '2020-09-16 16:38:48'),
(75, 39, 39, 0, '2020-09-16 16:38:51', '2020-09-16 16:38:51'),
(77, 39, 52, 0, '2020-09-16 16:41:21', '2020-09-16 16:41:21'),
(78, 37, 41, 0, '2020-09-17 10:35:10', '2020-09-17 10:35:10'),
(88, 35, 40, 0, '2020-09-17 14:07:47', '2020-09-17 14:07:47'),
(91, 35, 50, 0, '2020-09-19 09:12:01', '2020-09-19 09:12:01'),
(447, 35, 44, 0, '2020-09-19 09:28:22', '2020-09-19 09:28:22'),
(448, 35, 55, 0, '2020-09-19 09:28:27', '2020-09-19 09:28:27'),
(449, 35, 56, 0, '2020-09-19 09:28:36', '2020-09-19 09:28:36'),
(450, 35, 57, 0, '2020-09-19 09:28:42', '2020-09-19 09:28:42'),
(451, 35, 43, 0, '2020-09-19 09:28:50', '2020-09-19 09:28:50'),
(452, 35, 41, 0, '2020-09-19 09:28:56', '2020-09-19 09:28:56'),
(453, 35, 54, 0, '2020-09-19 09:29:04', '2020-09-19 09:29:04'),
(454, 35, 53, 0, '2020-09-19 09:29:08', '2020-09-19 09:29:08'),
(455, 35, 52, 0, '2020-09-19 09:29:13', '2020-09-19 09:29:13'),
(456, 35, 51, 0, '2020-09-19 09:29:19', '2020-09-19 09:29:19'),
(459, 34, 39, 0, '2020-09-19 12:38:11', '2020-09-19 12:38:11'),
(460, 34, 39, 0, '2020-09-19 12:38:11', '2020-09-19 12:38:11'),
(461, 34, 39, 0, '2020-09-19 12:38:12', '2020-09-19 12:38:12'),
(462, 34, 39, 0, '2020-09-19 12:38:12', '2020-09-19 12:38:12'),
(463, 34, 39, 0, '2020-09-19 12:38:12', '2020-09-19 12:38:12'),
(464, 34, 39, 0, '2020-09-19 12:38:12', '2020-09-19 12:38:12'),
(468, 34, 54, 0, '2020-09-19 12:43:47', '2020-09-19 12:43:47'),
(470, 34, 57, 0, '2020-09-19 12:51:31', '2020-09-19 12:51:31'),
(473, 41, 47, 0, '2020-09-19 21:47:21', '2020-09-19 21:47:21'),
(474, 35, 58, 0, '2020-09-20 06:15:07', '2020-09-20 06:15:07'),
(475, 35, 42, 0, '2020-09-20 06:22:12', '2020-09-20 06:22:12'),
(476, 34, 44, 0, '2020-09-20 09:04:25', '2020-09-20 09:04:25'),
(477, 34, 50, 0, '2020-09-20 09:06:56', '2020-09-20 09:06:56'),
(479, 34, 56, 0, '2020-09-20 09:27:34', '2020-09-20 09:27:34'),
(480, 34, 55, 0, '2020-09-20 09:27:36', '2020-09-20 09:27:36'),
(481, 35, 39, 0, '2020-09-20 10:37:08', '2020-09-20 10:37:08'),
(482, 41, 60, 0, '2020-09-20 12:14:26', '2020-09-20 12:14:26'),
(483, 41, 59, 0, '2020-09-20 12:14:28', '2020-09-20 12:14:28'),
(484, 41, 58, 0, '2020-09-20 12:14:33', '2020-09-20 12:14:33'),
(485, 35, 57, 0, '2020-09-20 14:05:39', '2020-09-20 14:05:39'),
(486, 34, 58, 0, '2020-09-21 11:29:54', '2020-09-21 11:29:54'),
(489, 42, 60, 0, '2020-09-21 14:18:51', '2020-09-21 14:18:51'),
(490, 42, 54, 0, '2020-09-21 14:23:29', '2020-09-21 14:23:29'),
(491, 42, 58, 0, '2020-09-21 14:23:33', '2020-09-21 14:23:33'),
(494, 42, 62, 0, '2020-09-21 15:45:28', '2020-09-21 15:45:28'),
(495, 43, 56, 0, '2020-09-21 15:45:43', '2020-09-21 15:45:43'),
(496, 38, 55, 0, '2020-09-21 20:18:12', '2020-09-21 20:18:12'),
(500, 49, 43, 0, '2020-09-29 04:40:16', '2020-09-29 04:40:16');

-- --------------------------------------------------------

--
-- Table structure for table `notifications`
--

CREATE TABLE `notifications` (
  `id` int(11) NOT NULL,
  `user_id` int(11) NOT NULL,
  `notification_from` int(11) NOT NULL,
  `notification` varchar(255) NOT NULL,
  `comment_id` int(11) DEFAULT NULL,
  `post_id` int(11) DEFAULT NULL,
  `status` int(11) NOT NULL DEFAULT '1',
  `created_at` timestamp NOT NULL DEFAULT CURRENT_TIMESTAMP,
  `updated_at` timestamp NOT NULL DEFAULT CURRENT_TIMESTAMP
) ENGINE=MyISAM DEFAULT CHARSET=latin1;

--
-- Dumping data for table `notifications`
--

INSERT INTO `notifications` (`id`, `user_id`, `notification_from`, `notification`, `comment_id`, `post_id`, `status`, `created_at`, `updated_at`) VALUES
(533, 0, 34, 'Testperson commented on your post', NULL, 57, 1, '2020-09-20 11:18:50', '2020-09-20 11:18:50'),
(530, 34, 35, 'Popo liked your post', NULL, 39, 0, '2020-09-20 10:37:08', '2020-09-20 10:37:08'),
(531, 34, 35, 'Popo commented on your post', NULL, 39, 0, '2020-09-20 10:37:21', '2020-09-20 10:37:21'),
(532, 0, 34, 'Testperson commented on your post', NULL, 57, 1, '2020-09-20 10:50:35', '2020-09-20 10:50:35'),
(534, 34, 41, 'Josh Magidson replied you on your comment', 107, 57, 0, '2020-09-20 12:09:26', '2020-09-20 12:09:26'),
(535, 34, 41, 'Josh Magidson replied you on your comment', 107, 57, 0, '2020-09-20 12:09:26', '2020-09-20 12:09:26'),
(536, 0, 41, 'Josh Magidson commented on your post', NULL, 57, 1, '2020-09-20 12:09:46', '2020-09-20 12:09:46'),
(537, 0, 41, 'Josh Magidson commented on your post', NULL, 57, 1, '2020-09-20 12:09:46', '2020-09-20 12:09:46'),
(538, 0, 41, 'Josh Magidson commented on your post', NULL, 57, 1, '2020-09-20 12:10:13', '2020-09-20 12:10:13'),
(539, 0, 41, 'Josh Magidson commented on your post', NULL, 57, 1, '2020-09-20 12:10:20', '2020-09-20 12:10:20'),
(540, 0, 41, 'Josh Magidson commented on your post', NULL, 57, 1, '2020-09-20 12:10:21', '2020-09-20 12:10:21'),
(541, 36, 41, 'Josh Magidson commented on your post', NULL, 42, 1, '2020-09-20 12:11:13', '2020-09-20 12:11:13'),
(542, 35, 34, 'Testperson replied you on your comment', 105, 39, 0, '2020-09-20 12:25:33', '2020-09-20 12:25:33'),
(543, 41, 34, 'Testperson liked your comment', 112, 57, 1, '2020-09-20 12:37:53', '2020-09-20 12:37:53'),
(544, 41, 34, 'Testperson liked your comment', 112, 57, 1, '2020-09-20 12:37:54', '2020-09-20 12:37:54'),
(545, 41, 34, 'Testperson liked your comment', 112, 57, 1, '2020-09-20 12:37:56', '2020-09-20 12:37:56'),
(546, 41, 34, 'Testperson liked your comment', 112, 57, 1, '2020-09-20 12:38:02', '2020-09-20 12:38:02'),
(547, 41, 34, 'Testperson liked your comment', 112, 57, 1, '2020-09-20 12:38:03', '2020-09-20 12:38:03'),
(548, 35, 34, 'Testperson replied you on your comment', 105, 39, 0, '2020-09-20 12:40:14', '2020-09-20 12:40:14'),
(549, 35, 34, 'Testperson replied you on your comment', 105, 39, 0, '2020-09-20 12:41:52', '2020-09-20 12:41:52'),
(550, 0, 35, 'Popo liked your post', NULL, 57, 1, '2020-09-20 14:05:40', '2020-09-20 14:05:40'),
(551, 41, 35, 'Pop replied you on your comment', 112, 57, 1, '2020-09-21 06:07:47', '2020-09-21 06:07:47'),
(552, 41, 35, 'Pop replied you on your comment', 112, 57, 1, '2020-09-21 06:08:58', '2020-09-21 06:08:58'),
(553, 41, 35, 'Pop replied you on your comment', 112, 57, 1, '2020-09-21 06:10:08', '2020-09-21 06:10:08'),
(554, 41, 35, 'Pop replied you on your comment', 112, 57, 1, '2020-09-21 06:10:34', '2020-09-21 06:10:34'),
(555, 0, 35, 'Pop commented on your post', NULL, 57, 1, '2020-09-21 06:10:56', '2020-09-21 06:10:56'),
(556, 0, 37, 'Bob commented on your post', NULL, 57, 1, '2020-09-21 09:17:38', '2020-09-21 09:17:38'),
(557, 0, 37, 'Bob commented on your post', NULL, 57, 1, '2020-09-21 09:18:44', '2020-09-21 09:18:44'),
(558, 0, 37, 'Bob commented on your post', NULL, 57, 1, '2020-09-21 09:20:37', '2020-09-21 09:20:37'),
(559, 0, 37, 'Bob commented on your post', NULL, 57, 1, '2020-09-21 09:23:06', '2020-09-21 09:23:06'),
(560, 0, 37, 'Bob commented on your post', NULL, 57, 1, '2020-09-21 09:23:41', '2020-09-21 09:23:41'),
(561, 41, 34, 'Testperson liked your post', NULL, 58, 1, '2020-09-21 11:29:55', '2020-09-21 11:29:55'),
(562, 37, 34, 'Testperson commented on your post', NULL, 51, 1, '2020-09-21 11:30:32', '2020-09-21 11:30:32'),
(563, 37, 34, 'Testperson commented on your post', NULL, 54, 1, '2020-09-21 12:19:29', '2020-09-21 12:19:29'),
(564, 37, 34, 'Testperson commented on your post', NULL, 54, 1, '2020-09-21 12:19:51', '2020-09-21 12:19:51'),
(565, 0, 42, 'Numan Tariq liked your post', NULL, 57, 1, '2020-09-21 14:18:37', '2020-09-21 14:18:37'),
(566, 0, 42, 'Numan Tariq liked your post', NULL, 56, 1, '2020-09-21 14:18:43', '2020-09-21 14:18:43'),
(567, 41, 42, 'Numan Tariq liked your post', NULL, 60, 1, '2020-09-21 14:18:51', '2020-09-21 14:18:51'),
(568, 41, 42, 'Numan Tariq commented on your post', NULL, 60, 1, '2020-09-21 14:18:58', '2020-09-21 14:18:58'),
(569, 0, 42, 'Numan Tariq commented on your post', NULL, 56, 1, '2020-09-21 14:21:41', '2020-09-21 14:21:41'),
(570, 35, 42, 'Numan Tariq replied you on your comment', 61, 41, 1, '2020-09-21 14:22:01', '2020-09-21 14:22:01'),
(571, 0, 42, 'Numan Tariq commented on your post', NULL, 41, 1, '2020-09-21 14:22:05', '2020-09-21 14:22:05'),
(572, 0, 42, 'Numan Tariq commented on your post', NULL, 41, 1, '2020-09-21 14:22:11', '2020-09-21 14:22:11'),
(573, 0, 42, 'Numan Tariq commented on your post', NULL, 41, 1, '2020-09-21 14:22:18', '2020-09-21 14:22:18'),
(574, 37, 42, 'Numan Tariq liked your post', NULL, 54, 1, '2020-09-21 14:23:29', '2020-09-21 14:23:29'),
(575, 41, 42, 'Numan Tariq liked your post', NULL, 58, 1, '2020-09-21 14:23:33', '2020-09-21 14:23:33'),
(576, 41, 42, 'Numan Tariq commented on your post', NULL, 58, 1, '2020-09-21 14:25:19', '2020-09-21 14:25:19'),
(577, 42, 43, 'Ali jutt commented on your post', NULL, 62, 0, '2020-09-21 15:33:57', '2020-09-21 15:33:57'),
(578, 43, 42, 'Numan Tariq replied you on your comment', 137, 62, 0, '2020-09-21 15:36:18', '2020-09-21 15:36:18'),
(579, 43, 42, 'Numan Tariq replied you on your comment', 137, 62, 0, '2020-09-21 15:44:36', '2020-09-21 15:44:36'),
(580, 0, 43, 'Ali jutt liked your post', NULL, 56, 1, '2020-09-21 15:45:43', '2020-09-21 15:45:43'),
(581, 0, 43, 'Ali jutt commented on your post', NULL, 57, 1, '2020-09-21 17:58:13', '2020-09-21 17:58:13'),
(582, 0, 43, 'Ali jutt commented on your post', NULL, 57, 1, '2020-09-21 17:58:20', '2020-09-21 17:58:20'),
(583, 0, 43, 'Ali jutt commented on your post', NULL, 57, 1, '2020-09-21 17:58:36', '2020-09-21 17:58:36'),
(584, 42, 43, 'Ali jutt commented on your post', NULL, 62, 1, '2020-09-21 18:01:20', '2020-09-21 18:01:20'),
(585, 0, 47, 'Add commented on your post', NULL, 57, 1, '2020-09-21 18:26:08', '2020-09-21 18:26:08'),
(586, 0, 38, 'David commented on your post', NULL, 57, 1, '2020-09-21 20:18:00', '2020-09-21 20:18:00'),
(587, 0, 38, 'David commented on your post', NULL, 57, 1, '2020-09-21 20:18:00', '2020-09-21 20:18:00'),
(588, 0, 38, 'David commented on your post', NULL, 57, 1, '2020-09-21 20:18:00', '2020-09-21 20:18:00'),
(589, 0, 38, 'David commented on your post', NULL, 57, 1, '2020-09-21 20:18:00', '2020-09-21 20:18:00'),
(590, 0, 38, 'David commented on your post', NULL, 57, 1, '2020-09-21 20:18:02', '2020-09-21 20:18:02'),
(591, 0, 38, 'David liked your post', NULL, 55, 1, '2020-09-21 20:18:12', '2020-09-21 20:18:12'),
(592, 0, 38, 'David commented on your post', NULL, 57, 1, '2020-09-21 20:26:05', '2020-09-21 20:26:05'),
(593, 47, 38, 'David commented on your post', NULL, 64, 1, '2020-09-21 20:29:41', '2020-09-21 20:29:41'),
(594, 0, 49, 'Akash liked your post', NULL, 43, 1, '2020-09-29 04:39:12', '2020-09-29 04:39:12'),
(595, 0, 49, 'Akash liked your post', NULL, 43, 1, '2020-09-29 04:39:14', '2020-09-29 04:39:14'),
(596, 0, 49, 'Akash liked your post', NULL, 43, 1, '2020-09-29 04:39:14', '2020-09-29 04:39:14'),
(597, 0, 49, 'Akash liked your post', NULL, 43, 1, '2020-09-29 04:40:16', '2020-09-29 04:40:16'),
(598, 38, 49, 'Akash replied you on your comment', 148, 57, 1, '2020-09-29 06:00:43', '2020-09-29 06:00:43'),
(599, 0, 49, 'Akash liked your post', NULL, 57, 1, '2020-09-29 08:02:43', '2020-09-29 08:02:43'),
(600, 0, 49, 'Akash liked your post', NULL, 57, 1, '2020-09-29 08:22:56', '2020-09-29 08:22:56');

-- --------------------------------------------------------

--
-- Table structure for table `posts`
--

CREATE TABLE `posts` (
  `id` int(11) NOT NULL,
  `user_id` int(11) DEFAULT NULL,
  `title` varchar(500) NOT NULL,
  `description` varchar(10000) NOT NULL,
  `status` int(11) NOT NULL DEFAULT '1',
  `is_deleted` int(11) NOT NULL DEFAULT '0',
  `featured` int(11) NOT NULL DEFAULT '0',
  `created_at` timestamp NOT NULL DEFAULT CURRENT_TIMESTAMP,
  `updated_at` timestamp NOT NULL DEFAULT CURRENT_TIMESTAMP
) ENGINE=InnoDB DEFAULT CHARSET=latin1;

--
-- Dumping data for table `posts`
--

INSERT INTO `posts` (`id`, `user_id`, `title`, `description`, `status`, `is_deleted`, `featured`, `created_at`, `updated_at`) VALUES
(39, 34, 'title', 'My post', 1, 0, 0, '2020-09-14 16:33:10', '2020-09-14 16:33:10'),
(40, 35, 'title', 'Popo first post', 1, 0, 0, '2020-09-14 16:35:30', '2020-09-14 16:35:30'),
(41, NULL, 'title', 'Post By Admin', 1, 0, 1, '2020-09-14 16:47:31', '2020-09-14 16:47:31'),
(42, 36, 'title', 'Halfhkjdfhslkdflksdjf dfkhsdlfkjldjf dfkhdlkfja;logjam dfskdhflksdflksdhflsdhflksdhflksdhf sdflkhdlfhlakdhflkadf adsflhsalkdfhkdslfhlshflksdhflskdfs dfkshdflsdfkhlsdkfsa fslkdfhlkdfhdflkhdfs flakflsakdflkshfsl fsldfhlsfhlshflkhfklhfklsfhlsfksfhlsdf dsfsafhasdkfhsdkflhafldfhlasdfhlksdhf sdfshlkfhsfshflkhdflhasdklfhslkfhldskhfldkshflkhsldkfhlkshflkshfklsdhflkshflkshflkshdflkshflksdhflkdhsfklhdfklhsflkhsdfklhsdklfhlksdhflsdhflkshfklsdfhlkhfklasdhflksdhflkshdflkshdflkhsdlkfhsdlfhsf sf sfsdkhflsdhflksdhfklsdhflksdhflksdhflksdhflkshflksdhflksdfhlkshflskhflkshflkshflkshdflskhflkshflksdhfklsdhfsldkhfskldhflksdhflksadhfklsdhflksdhfklsdhflkdshflkshfklshdflksdhfklsdhflksdhflkshflkshflkshdflkshdflkshflksdhflkshdflkhsdflkhsldkfhlskhflkshflkshflkshflksdhfklsdhfklshdfklsdhflksdhfklsdhflkshfklsdhflksdhflkshlfksdhflksdhflksdhflksdhflksdhflksdhflkshdflkashflkhsklfhlskdhflksdhflksadhfklhsdklfhlksdhflskdfhlksdfhlskdfhlkshflskdjlkj', 1, 0, 0, '2020-09-14 16:53:32', '2020-09-14 16:53:32'),
(43, NULL, 'title', 'sadss', 1, 0, 1, '2020-09-14 22:16:37', '2020-09-14 22:16:37'),
(44, NULL, 'title', 'testtt post', 1, 0, 1, '2020-09-14 22:28:07', '2020-09-14 22:28:07'),
(45, NULL, 'title', 'ddddddddddddd', 0, 1, 1, '2020-09-14 22:59:50', '2020-09-14 22:59:50'),
(46, 35, 'title', 'This is post created by popo for testing purpose', 1, 0, 0, '2020-09-15 06:58:54', '2020-09-15 06:58:54'),
(47, 35, 'title', 'This is some dummy post created. By some random user for testing puprops if you see this all text then it mean that it is working but need to add some special character on this so that it can be seen by any user with no problem as you can see in our test post \n', 1, 0, 0, '2020-09-15 07:05:40', '2020-09-15 07:05:40'),
(48, 35, 'title', 'Halfhkjdfhslkdflksdjf dfkhsdlfkjldjf dfkhdlkfja;logjam dfskdhflksdflksdhflsdhflksdhflksdhf sdflkhdlfhlakdhflkadf adsflhsalkdfhkdslfhlshflksdhflskdfs dfkshdflsdfkhlsdkfsa fslkdfhlkdfhdflkhdfs flakflsakdflkshfsl fsldfhlsfhlshflkhfklhfklsfhlsfksfhlsdf dsfsafhasdkfhsdkflhafldfhlasdfhlksdhf sdfshlkfhsfshflkhdflhasdklfhslkfhldskhfldkshflkhsldkfhlkshflkshfklsdhflkshflkshflkshdflkshflksdhflkdhsfklhdfklhsflkhsdfklhsdklfhlksdhflsdhflkshfklsdfhlkhfklasdhflksdhflkshdflkshdflkhsdlkfhsdlfhsf sf sfsdkhflsdhflksdhfklsdhflksdhflksdhflksdhflkshflksdhflksdfhlkshflskhflkshflkshflkshdflskhflkshflksdhfklsdhfsldkhfskldhflksdhflksadhfklsdhflksdhfklsdhflkdshflkshfklshdflksdhfklsdhflksdhflkshflkshflkshdflkshdflkshflksdhflkshdflkhsdflkhsldkfhlskhflkshflkshflkshflksdhfklsdhfklshdfklsdhflksdhfklsdhflkshfklsdhflksdhflkshlfksdhflksdhflksdhflksdhflksdhflksdhflkshdflkashflkhsklfhlskdhflksdhflksadhfklhsdklfhlksdhflskdfhlksdfhlskdfhlkshflskdjlkj', 1, 0, 0, '2020-09-15 07:07:32', '2020-09-15 07:07:32'),
(49, 35, 'title', 'Hey yo boys', 0, 1, 0, '2020-09-15 16:37:40', '2020-09-15 16:37:40'),
(50, 34, 'title', 'Love that one', 1, 0, 0, '2020-09-16 12:33:55', '2020-09-16 12:33:55'),
(51, 37, 'title', 'Hi guys ', 1, 0, 0, '2020-09-16 16:09:45', '2020-09-16 16:09:45'),
(52, 39, 'title', 'Look at my amazing meal', 1, 0, 0, '2020-09-16 16:40:56', '2020-09-16 16:40:56'),
(53, 39, 'title', 'Pdpdpspepeo', 1, 0, 0, '2020-09-16 16:52:20', '2020-09-16 16:52:20'),
(54, 37, 'title', '', 1, 0, 0, '2020-09-17 10:16:52', '2020-09-17 10:16:52'),
(55, NULL, 'title', 'Dashboard\r\n', 1, 0, 1, '2020-09-17 13:13:49', '2020-09-17 13:13:49'),
(56, NULL, 'title', 'jkdhjkashdjsahjdk', 1, 0, 1, '2020-09-17 13:51:53', '2020-09-17 13:51:53'),
(57, NULL, 'title', 'hello', 1, 0, 1, '2020-09-17 14:15:22', '2020-09-17 14:15:22'),
(58, 41, 'title', '11111', 1, 0, 0, '2020-09-19 21:43:39', '2020-09-19 21:43:39'),
(59, 41, 'title', 'Another test', 1, 0, 0, '2020-09-19 22:02:54', '2020-09-19 22:02:54'),
(60, 41, 'title', 'Test post 1', 1, 0, 0, '2020-09-20 11:53:59', '2020-09-20 11:53:59'),
(61, 42, 'title', 'Hcjv oholgovo', 1, 0, 0, '2020-09-21 14:33:36', '2020-09-21 14:33:36'),
(62, 42, 'title', 'Fffffhjbvhj', 1, 0, 0, '2020-09-21 15:32:56', '2020-09-21 15:32:56'),
(63, 47, 'title', 'Vhzgzvzv', 1, 0, 0, '2020-09-21 18:21:01', '2020-09-21 18:21:01'),
(64, 47, 'title', 'Test', 1, 0, 0, '2020-09-21 18:31:36', '2020-09-21 18:31:36'),
(65, 47, 'title', 'Hahshsbsns', 1, 0, 0, '2020-09-21 18:32:18', '2020-09-21 18:32:18'),
(66, 49, 'title', 'This is test', 1, 0, 0, '2020-09-29 04:41:24', '2020-09-29 04:41:24');

-- --------------------------------------------------------

--
-- Table structure for table `post_comments`
--

CREATE TABLE `post_comments` (
  `id` int(11) NOT NULL,
  `user_id` int(11) NOT NULL,
  `post_id` int(11) NOT NULL,
  `comment` varchar(500) NOT NULL,
  `status` int(11) NOT NULL DEFAULT '1',
  `created_at` timestamp NOT NULL DEFAULT CURRENT_TIMESTAMP,
  `updated_at` timestamp NOT NULL DEFAULT CURRENT_TIMESTAMP
) ENGINE=InnoDB DEFAULT CHARSET=latin1;

--
-- Dumping data for table `post_comments`
--

INSERT INTO `post_comments` (`id`, `user_id`, `post_id`, `comment`, `status`, `created_at`, `updated_at`) VALUES
(12, 35, 39, 'First comment', 1, '2020-09-14 16:36:01', '2020-09-14 16:36:01'),
(13, 35, 39, 'Another comment', 1, '2020-09-14 16:37:00', '2020-09-14 16:37:00'),
(14, 34, 39, 'Comment from other user', 1, '2020-09-14 16:41:42', '2020-09-14 16:41:42'),
(15, 36, 40, 'My first  comment', 1, '2020-09-14 16:50:19', '2020-09-14 16:50:19'),
(16, 34, 39, 'Ok', 1, '2020-09-15 05:38:24', '2020-09-15 05:38:24'),
(17, 35, 45, 'A new Comment', 1, '2020-09-15 09:56:24', '2020-09-15 09:56:24'),
(18, 35, 39, 'New commentasdadasdasda', 1, '2020-09-15 10:00:35', '2020-09-15 10:00:35'),
(19, 35, 39, 'Ok', 1, '2020-09-15 10:53:14', '2020-09-15 10:53:14'),
(20, 35, 42, 'Comment on this pic', 1, '2020-09-15 10:54:32', '2020-09-15 10:54:32'),
(21, 35, 39, 'Dasdaskdasnd asdjlkadasdasdasdajda;as ldkalksjdladadhjdlahdlkahsdlkahdlkahdlkahsdlaskdl', 1, '2020-09-15 11:29:34', '2020-09-15 11:29:34'),
(22, 35, 39, 'Ok', 1, '2020-09-15 11:31:31', '2020-09-15 11:31:31'),
(23, 35, 39, 'Dadasdaskljf dasdas fasljasd gsdkfsf sdf sdfsdfs fsdfnsldkfnsdf sfslkfns fsfslndf s fs', 1, '2020-09-15 12:17:26', '2020-09-15 12:17:26'),
(24, 35, 39, 'This is other reply', 1, '2020-09-15 14:44:31', '2020-09-15 14:44:31'),
(25, 35, 39, 'Comment', 1, '2020-09-15 14:46:47', '2020-09-15 14:46:47'),
(26, 35, 49, 'Hey ya', 1, '2020-09-15 16:38:04', '2020-09-15 16:38:04'),
(27, 35, 45, 'An other comment', 1, '2020-09-16 05:10:12', '2020-09-16 05:10:12'),
(28, 34, 50, 'Mera comment', 1, '2020-09-16 12:35:02', '2020-09-16 12:35:02'),
(29, 34, 50, 'I tiff the organization with good communication skills as well as avail of ', 1, '2020-09-16 12:36:24', '2020-09-16 12:36:24'),
(30, 34, 39, 'https://www.fiverr.com/', 1, '2020-09-16 15:07:30', '2020-09-16 15:07:30'),
(31, 35, 43, 'Comment', 1, '2020-09-16 15:13:58', '2020-09-16 15:13:58'),
(32, 37, 43, 'Yooo', 1, '2020-09-16 16:07:12', '2020-09-16 16:07:12'),
(33, 37, 44, 'Hello ', 1, '2020-09-16 16:07:41', '2020-09-16 16:07:41'),
(34, 37, 51, 'Hello ', 1, '2020-09-16 16:19:46', '2020-09-16 16:19:46'),
(35, 39, 44, 'Test', 1, '2020-09-16 16:36:45', '2020-09-16 16:36:45'),
(36, 38, 54, 'Hello ', 1, '2020-09-17 10:55:52', '2020-09-17 10:55:52'),
(37, 37, 44, 'Hello ', 1, '2020-09-17 12:25:56', '2020-09-17 12:25:56'),
(38, 37, 44, 'Hello ', 1, '2020-09-17 12:26:06', '2020-09-17 12:26:06'),
(39, 35, 41, 'Yygyyy', 1, '2020-09-17 14:29:06', '2020-09-17 14:29:06'),
(40, 35, 41, 'Yygyyy', 1, '2020-09-17 14:29:07', '2020-09-17 14:29:07'),
(41, 35, 41, 'Gggg', 1, '2020-09-17 14:29:13', '2020-09-17 14:29:13'),
(42, 35, 57, 'Ddfx', 1, '2020-09-17 14:29:36', '2020-09-17 14:29:36'),
(43, 38, 57, 'Duhgfhj', 1, '2020-09-17 14:31:24', '2020-09-17 14:31:24'),
(44, 38, 57, 'Hjjgf', 1, '2020-09-17 14:33:39', '2020-09-17 14:33:39'),
(45, 35, 40, 'New comment', 1, '2020-09-19 06:26:40', '2020-09-19 06:26:40'),
(46, 35, 40, 'A new comment for post', 1, '2020-09-19 06:27:27', '2020-09-19 06:27:27'),
(47, 35, 40, 'My new message', 1, '2020-09-19 06:28:39', '2020-09-19 06:28:39'),
(48, 35, 40, 'A message', 1, '2020-09-19 06:29:50', '2020-09-19 06:29:50'),
(49, 35, 57, 'Users can see new messages at bottom ', 1, '2020-09-19 07:54:17', '2020-09-19 07:54:17'),
(50, 35, 57, 'New message at bottom', 1, '2020-09-19 07:54:41', '2020-09-19 07:54:41'),
(51, 35, 57, 'New message', 1, '2020-09-19 07:56:56', '2020-09-19 07:56:56'),
(52, 35, 57, 'Test message', 1, '2020-09-19 07:57:06', '2020-09-19 07:57:06'),
(53, 35, 57, 'Now move to bottom', 1, '2020-09-19 07:58:24', '2020-09-19 07:58:24'),
(54, 35, 57, 'Bottom', 1, '2020-09-19 07:59:28', '2020-09-19 07:59:28'),
(55, 35, 57, 'End', 1, '2020-09-19 08:00:05', '2020-09-19 08:00:05'),
(56, 35, 53, 'End', 1, '2020-09-19 08:01:51', '2020-09-19 08:01:51'),
(57, 35, 53, 'Second comment', 1, '2020-09-19 08:04:31', '2020-09-19 08:04:31'),
(58, 35, 53, 'New comment', 1, '2020-09-19 09:11:04', '2020-09-19 09:11:04'),
(59, 35, 44, 'Move to end', 1, '2020-09-19 11:10:27', '2020-09-19 11:10:27'),
(60, 35, 48, 'Comment', 1, '2020-09-19 11:31:00', '2020-09-19 11:31:00'),
(61, 35, 41, 'Mmm', 1, '2020-09-19 11:34:59', '2020-09-19 11:34:59'),
(62, 34, 50, 'Sddasdasda', 1, '2020-09-19 12:27:33', '2020-09-19 12:27:33'),
(63, 34, 39, 'Ok', 1, '2020-09-19 12:27:51', '2020-09-19 12:27:51'),
(64, 34, 54, 'Comment from testperson', 1, '2020-09-19 12:44:02', '2020-09-19 12:44:02'),
(65, 34, 39, 'Ok', 1, '2020-09-19 13:03:03', '2020-09-19 13:03:03'),
(66, 35, 57, 'Nice pic', 1, '2020-09-19 16:54:43', '2020-09-19 16:54:43'),
(67, 35, 57, 'Nice pic', 1, '2020-09-19 16:54:50', '2020-09-19 16:54:50'),
(68, 35, 57, 'Slow pic', 1, '2020-09-19 16:55:18', '2020-09-19 16:55:18'),
(69, 35, 57, 'Comment on last', 1, '2020-09-19 17:09:22', '2020-09-19 17:09:22'),
(70, 35, 57, 'New message', 1, '2020-09-19 17:55:02', '2020-09-19 17:55:02'),
(71, 35, 57, 'Ok', 1, '2020-09-19 17:55:17', '2020-09-19 17:55:17'),
(72, 41, 48, 'This looks great ', 1, '2020-09-19 21:46:44', '2020-09-19 21:46:44'),
(73, 41, 59, 'Decent ', 1, '2020-09-19 22:03:10', '2020-09-19 22:03:10'),
(74, 41, 59, 'Love it ', 1, '2020-09-19 22:03:18', '2020-09-19 22:03:18'),
(75, 41, 39, 'Will this go to the top?', 1, '2020-09-19 22:04:49', '2020-09-19 22:04:49'),
(76, 41, 39, 'Will this go to the top?', 1, '2020-09-19 22:04:49', '2020-09-19 22:04:49'),
(77, 41, 52, 'Test', 1, '2020-09-19 22:07:54', '2020-09-19 22:07:54'),
(78, 35, 57, 'Looking delicious', 1, '2020-09-20 06:14:03', '2020-09-20 06:14:03'),
(79, 35, 39, 'This is on last ', 1, '2020-09-20 06:19:09', '2020-09-20 06:19:09'),
(80, 35, 39, 'My new message', 1, '2020-09-20 06:19:47', '2020-09-20 06:19:47'),
(81, 35, 39, 'Ok', 1, '2020-09-20 06:19:57', '2020-09-20 06:19:57'),
(82, 34, 50, 'Mmmmmmmm', 1, '2020-09-20 09:07:20', '2020-09-20 09:07:20'),
(83, 34, 50, '????????', 1, '2020-09-20 09:07:28', '2020-09-20 09:07:28'),
(84, 34, 57, '??????', 1, '2020-09-20 09:07:47', '2020-09-20 09:07:47'),
(85, 34, 57, 'Ok scroll', 1, '2020-09-20 09:38:23', '2020-09-20 09:38:23'),
(86, 34, 57, 'New reply of message', 1, '2020-09-20 09:39:56', '2020-09-20 09:39:56'),
(87, 34, 57, 'Comment', 1, '2020-09-20 09:44:11', '2020-09-20 09:44:11'),
(88, 34, 57, 'Comment', 1, '2020-09-20 09:45:35', '2020-09-20 09:45:35'),
(89, 34, 57, 'Message', 1, '2020-09-20 09:54:45', '2020-09-20 09:54:45'),
(90, 34, 57, 'M?//////////////////////////////', 1, '2020-09-20 09:55:15', '2020-09-20 09:55:15'),
(91, 34, 57, 'Commenrtttsadadas', 1, '2020-09-20 09:55:37', '2020-09-20 09:55:37'),
(92, 34, 57, 'Asdasdasfsdfdsfasdada', 1, '2020-09-20 09:56:49', '2020-09-20 09:56:49'),
(93, 34, 57, 'Scroll now', 1, '2020-09-20 10:01:57', '2020-09-20 10:01:57'),
(94, 34, 57, 'Scold heppining', 1, '2020-09-20 10:02:51', '2020-09-20 10:02:51'),
(95, 34, 57, 'Second commenr', 1, '2020-09-20 10:03:06', '2020-09-20 10:03:06'),
(96, 34, 57, 'Move to bottom', 1, '2020-09-20 10:04:17', '2020-09-20 10:04:17'),
(97, 34, 57, 'Move to bottomsdasdas dasdasdasda', 1, '2020-09-20 10:06:30', '2020-09-20 10:06:30'),
(98, 34, 57, 'New commwnt', 1, '2020-09-20 10:08:36', '2020-09-20 10:08:36'),
(99, 34, 57, 'Comment reply ', 1, '2020-09-20 10:11:26', '2020-09-20 10:11:26'),
(100, 34, 57, 'My comment', 1, '2020-09-20 10:12:22', '2020-09-20 10:12:22'),
(101, 35, 57, 'Poops comment ', 1, '2020-09-20 10:15:13', '2020-09-20 10:15:13'),
(102, 35, 57, 'Ok', 1, '2020-09-20 10:16:32', '2020-09-20 10:16:32'),
(103, 35, 57, 'Comment on admin post', 1, '2020-09-20 10:25:03', '2020-09-20 10:25:03'),
(104, 35, 59, 'Hi josh', 1, '2020-09-20 10:30:36', '2020-09-20 10:30:36'),
(105, 35, 39, 'Poop I like you', 1, '2020-09-20 10:37:21', '2020-09-20 10:37:21'),
(106, 34, 57, 'Comment', 1, '2020-09-20 10:50:34', '2020-09-20 10:50:34'),
(107, 34, 57, 'Comment on laast', 1, '2020-09-20 11:18:50', '2020-09-20 11:18:50'),
(108, 41, 57, 'Test', 1, '2020-09-20 12:09:46', '2020-09-20 12:09:46'),
(109, 41, 57, 'Test', 1, '2020-09-20 12:09:46', '2020-09-20 12:09:46'),
(110, 41, 57, 'Test2', 1, '2020-09-20 12:10:13', '2020-09-20 12:10:13'),
(111, 41, 57, 'Test3', 1, '2020-09-20 12:10:20', '2020-09-20 12:10:20'),
(112, 41, 57, 'Test3', 1, '2020-09-20 12:10:20', '2020-09-20 12:10:20'),
(113, 41, 42, 'Test', 1, '2020-09-20 12:11:12', '2020-09-20 12:11:12'),
(114, 41, 59, 'Test', 1, '2020-09-20 12:14:46', '2020-09-20 12:14:46'),
(115, 34, 39, 'Poop love you', 1, '2020-09-20 12:45:01', '2020-09-20 12:45:01'),
(116, 34, 39, 'Poop is interested in you', 1, '2020-09-20 12:47:42', '2020-09-20 12:47:42'),
(117, 35, 57, 'Dasdasdfsddasdad', 1, '2020-09-21 06:10:56', '2020-09-21 06:10:56'),
(118, 37, 57, 'Ffdfdddddds', 1, '2020-09-21 09:17:37', '2020-09-21 09:17:37'),
(119, 37, 57, 'Ccfgcfcf', 1, '2020-09-21 09:18:44', '2020-09-21 09:18:44'),
(120, 37, 57, 'New reply', 1, '2020-09-21 09:20:37', '2020-09-21 09:20:37'),
(121, 37, 57, 'Sevxcdd', 1, '2020-09-21 09:23:06', '2020-09-21 09:23:06'),
(122, 37, 57, 'Fbvf', 1, '2020-09-21 09:23:41', '2020-09-21 09:23:41'),
(123, 34, 39, 'Cccccccccccccxccccccccc', 1, '2020-09-21 09:27:33', '2020-09-21 09:27:33'),
(124, 34, 51, 'Whats this', 1, '2020-09-21 11:30:31', '2020-09-21 11:30:31'),
(125, 34, 54, 'Hi', 1, '2020-09-21 12:19:28', '2020-09-21 12:19:28'),
(126, 34, 54, 'Sdasdad', 1, '2020-09-21 12:19:51', '2020-09-21 12:19:51'),
(127, 34, 39, 'Hgggg', 1, '2020-09-21 12:58:02', '2020-09-21 12:58:02'),
(128, 34, 39, 'Uuh', 1, '2020-09-21 12:58:32', '2020-09-21 12:58:32'),
(129, 34, 39, 'Move to bottom', 1, '2020-09-21 13:00:55', '2020-09-21 13:00:55'),
(130, 34, 39, 'Works', 1, '2020-09-21 13:01:08', '2020-09-21 13:01:08'),
(131, 42, 60, 'Hi ya', 1, '2020-09-21 14:18:58', '2020-09-21 14:18:58'),
(132, 42, 56, 'Hhh', 1, '2020-09-21 14:21:41', '2020-09-21 14:21:41'),
(133, 42, 41, 'Yyg', 1, '2020-09-21 14:22:05', '2020-09-21 14:22:05'),
(134, 42, 41, 'Fff', 1, '2020-09-21 14:22:11', '2020-09-21 14:22:11'),
(135, 42, 41, 'Ggyyy', 1, '2020-09-21 14:22:18', '2020-09-21 14:22:18'),
(136, 42, 58, 'Gggg', 1, '2020-09-21 14:25:18', '2020-09-21 14:25:18'),
(137, 43, 62, 'Achi  nahi  lag rhai', 1, '2020-09-21 15:33:54', '2020-09-21 15:33:54'),
(138, 43, 57, 'Hhh', 1, '2020-09-21 17:58:09', '2020-09-21 17:58:09'),
(139, 43, 57, 'Rrr', 1, '2020-09-21 17:58:20', '2020-09-21 17:58:20'),
(140, 43, 57, 'Gggg', 1, '2020-09-21 17:58:33', '2020-09-21 17:58:33'),
(141, 43, 62, 'Ok', 1, '2020-09-21 18:01:20', '2020-09-21 18:01:20'),
(142, 47, 57, 'Okk', 1, '2020-09-21 18:26:07', '2020-09-21 18:26:07'),
(143, 38, 57, 'Hgfvb', 1, '2020-09-21 20:17:56', '2020-09-21 20:17:56'),
(144, 38, 57, 'Hgfvb', 1, '2020-09-21 20:17:57', '2020-09-21 20:17:57'),
(145, 38, 57, 'Hgfvb', 1, '2020-09-21 20:17:59', '2020-09-21 20:17:59'),
(146, 38, 57, 'Hgfvb', 1, '2020-09-21 20:17:59', '2020-09-21 20:17:59'),
(147, 38, 57, 'Hgfvb', 1, '2020-09-21 20:18:00', '2020-09-21 20:18:00'),
(148, 38, 57, 'Hello ', 1, '2020-09-21 20:26:05', '2020-09-21 20:26:05'),
(149, 38, 64, 'By by', 1, '2020-09-21 20:29:32', '2020-09-21 20:29:32');

-- --------------------------------------------------------

--
-- Table structure for table `post_image`
--

CREATE TABLE `post_image` (
  `id` int(11) NOT NULL,
  `post_id` int(11) NOT NULL,
  `image` varchar(255) NOT NULL,
  `status` int(11) NOT NULL DEFAULT '1',
  `created_at` timestamp NOT NULL DEFAULT CURRENT_TIMESTAMP,
  `updated_at` timestamp NOT NULL DEFAULT CURRENT_TIMESTAMP
) ENGINE=InnoDB DEFAULT CHARSET=latin1;

--
-- Dumping data for table `post_image`
--

INSERT INTO `post_image` (`id`, `post_id`, `image`, `status`, `created_at`, `updated_at`) VALUES
(14, 39, '5f5f9b4708741.jpg', 1, '2020-09-14 16:33:11', '2020-09-14 16:33:11'),
(15, 40, '5f5f9bd2306e1.jpg', 1, '2020-09-14 16:35:30', '2020-09-14 16:35:30'),
(16, 40, '5f5f9bd2b6f26.jpg', 1, '2020-09-14 16:35:30', '2020-09-14 16:35:30'),
(17, 41, '5f5f9bd2b6f26.jpg', 1, '2020-09-14 16:47:51', '2020-09-14 16:47:51'),
(18, 42, '5f5fa00c68766.jpg', 1, '2020-09-14 16:53:32', '2020-09-14 16:53:32'),
(19, 42, '5f5fa00d432d3.jpg', 1, '2020-09-14 16:53:33', '2020-09-14 16:53:33'),
(20, 44, 'avatar-1.1600122488.jpg', 1, '2020-09-14 22:28:08', '2020-09-14 22:28:08'),
(21, 44, 'avatar-2.1600122489.jpg', 1, '2020-09-14 22:28:09', '2020-09-14 22:28:09'),
(22, 44, 'avatar-3.1600122490.jpg', 1, '2020-09-14 22:28:10', '2020-09-14 22:28:10'),
(23, 45, '5f5ff5e64dc5b.jpg', 1, '2020-09-14 22:59:50', '2020-09-14 22:59:50'),
(24, 46, '5f60662e34a03.jpg', 1, '2020-09-15 06:58:54', '2020-09-15 06:58:54'),
(25, 46, '5f60662e53fbb.jpg', 1, '2020-09-15 06:58:54', '2020-09-15 06:58:54'),
(26, 47, '5f6067c525da4.jpg', 1, '2020-09-15 07:05:41', '2020-09-15 07:05:41'),
(27, 47, '5f6067c5784e9.jpg', 1, '2020-09-15 07:05:41', '2020-09-15 07:05:41'),
(28, 48, '5f606834e0f36.jpg', 1, '2020-09-15 07:07:32', '2020-09-15 07:07:32'),
(31, 49, '5f60edd6ecbac.jpg', 1, '2020-09-15 16:37:42', '2020-09-15 16:37:42'),
(32, 50, '5f620633771cd.jpg', 1, '2020-09-16 12:33:55', '2020-09-16 12:33:55'),
(33, 51, '5f6238c96200f.jpg', 1, '2020-09-16 16:09:45', '2020-09-16 16:09:45'),
(34, 52, '5f624018b0ec9.jpg', 1, '2020-09-16 16:40:56', '2020-09-16 16:40:56'),
(35, 53, '5f6242c41e751.jpg', 1, '2020-09-16 16:52:20', '2020-09-16 16:52:20'),
(36, 53, '5f6242c42cae1.jpg', 1, '2020-09-16 16:52:20', '2020-09-16 16:52:20'),
(37, 53, '5f6242c434341.jpg', 1, '2020-09-16 16:52:20', '2020-09-16 16:52:20'),
(38, 54, '5f63379460145.jpg', 1, '2020-09-17 10:16:52', '2020-09-17 10:16:52'),
(39, 56, '5f6369f9cbdc1.jpg', 1, '2020-09-17 13:51:53', '2020-09-17 13:51:53'),
(41, 56, '5f6369fa4f7c8.jpg', 1, '2020-09-17 13:51:54', '2020-09-17 13:51:54'),
(42, 56, '5f6369fac7839.jpg', 1, '2020-09-17 13:51:54', '2020-09-17 13:51:54'),
(43, 56, '5f6369fb09019.jpg', 1, '2020-09-17 13:51:55', '2020-09-17 13:51:55'),
(44, 57, '5f636f7a2f4c1.jpg', 1, '2020-09-17 14:15:22', '2020-09-17 14:15:22'),
(45, 57, '5f636f7a47373.jpg', 1, '2020-09-17 14:15:22', '2020-09-17 14:15:22'),
(46, 57, '5f636f7a8ae58.png', 1, '2020-09-17 14:15:22', '2020-09-17 14:15:22'),
(47, 58, '5f667b8bb8a63.jpg', 1, '2020-09-19 21:43:39', '2020-09-19 21:43:39'),
(48, 48, '5f68a1f45ad2f.jpg', 1, '2020-09-21 12:52:04', '2020-09-21 12:52:04'),
(49, 61, '5f68b9c103da2.jpg', 1, '2020-09-21 14:33:37', '2020-09-21 14:33:37'),
(50, 62, '5f68c7ab1296d.jpg', 1, '2020-09-21 15:32:59', '2020-09-21 15:32:59'),
(51, 64, '5f68f1889b0d0.jpg', 1, '2020-09-21 18:31:36', '2020-09-21 18:31:36'),
(52, 65, '5f68f1b4482be.jpg', 1, '2020-09-21 18:32:20', '2020-09-21 18:32:20'),
(53, 65, '5f68f1b572052.jpg', 1, '2020-09-21 18:32:21', '2020-09-21 18:32:21');

-- --------------------------------------------------------

--
-- Table structure for table `post_reports`
--

CREATE TABLE `post_reports` (
  `id` int(11) NOT NULL,
  `user_id` int(11) NOT NULL,
  `post_id` int(11) NOT NULL,
  `status` int(11) NOT NULL DEFAULT '0',
  `created_at` timestamp NOT NULL DEFAULT CURRENT_TIMESTAMP,
  `updated_at` timestamp NOT NULL DEFAULT CURRENT_TIMESTAMP
) ENGINE=MyISAM DEFAULT CHARSET=latin1;

--
-- Dumping data for table `post_reports`
--

INSERT INTO `post_reports` (`id`, `user_id`, `post_id`, `status`, `created_at`, `updated_at`) VALUES
(2, 35, 39, 0, '2020-09-14 20:58:26', '2020-09-14 20:58:26'),
(3, 39, 51, 0, '2020-09-16 16:37:16', '2020-09-16 16:37:16');

-- --------------------------------------------------------

--
-- Table structure for table `role`
--

CREATE TABLE `role` (
  `id` int(11) NOT NULL,
  `name` varchar(255) NOT NULL,
  `status` tinyint(4) NOT NULL DEFAULT '1'
) ENGINE=InnoDB DEFAULT CHARSET=latin1;

--
-- Dumping data for table `role`
--

INSERT INTO `role` (`id`, `name`, `status`) VALUES
(1, 'Member', 1),
(2, 'drivers', 1),
(3, 'Delivery Boys', 1),
(4, 'New Michael Role', 0);

-- --------------------------------------------------------

--
-- Table structure for table `user`
--

CREATE TABLE `user` (
  `id` int(11) NOT NULL,
  `name` varchar(255) NOT NULL,
  `phone` varchar(255) NOT NULL,
  `email` varchar(255) NOT NULL,
  `password` varchar(255) NOT NULL,
  `image` varchar(255) DEFAULT NULL,
  `firebase_id` varchar(255) NOT NULL,
  `status` int(11) NOT NULL DEFAULT '1',
  `is_deleted` tinyint(4) NOT NULL DEFAULT '0',
  `created_at` timestamp NOT NULL DEFAULT CURRENT_TIMESTAMP,
  `updated_at` timestamp NOT NULL DEFAULT CURRENT_TIMESTAMP
) ENGINE=InnoDB DEFAULT CHARSET=latin1;

--
-- Dumping data for table `user`
--

INSERT INTO `user` (`id`, `name`, `phone`, `email`, `password`, `image`, `firebase_id`, `status`, `is_deleted`, `created_at`, `updated_at`) VALUES
(33, 'Testuser', '12343212323', 'Testuser@test.com', 'aaaaaa', '5f5f9a450f64b.jpg', 'xyz', 1, 0, '2020-09-14 16:28:53', '2020-09-14 16:28:53'),
(34, 'Testperson', '43423423423', 'Testperson@test.com', 'aaaaaa', '5f5f9b00ac542.jpg', 'xyz', 1, 0, '2020-09-14 16:32:00', '2020-09-14 16:32:00'),
(35, 'Pop', '43242345435', 'Popo@gmail.com', 'aaaaaa', '5f677aa5aa89e.jpg', 'xyz', 1, 0, '2020-09-14 16:33:56', '2020-09-14 16:33:56'),
(36, 'Michael', '42424242424', 'Michael@gmail.com', 'aaaaaa', '5f5f9eeaa82b9.jpg', 'xyz', 1, 0, '2020-09-14 16:48:42', '2020-09-14 16:48:42'),
(37, 'Bob', '07753632417', 'Bob@gmail.com', 'Password123', '5f623819506e4.jpg', 'xyz', 1, 0, '2020-09-16 16:06:49', '2020-09-16 16:06:49'),
(38, 'David', '07753632417', 'David@gmail.com', 'password123', '5f623819506e4.jpg', 'xyz', 1, 0, '2020-09-16 16:13:08', '2020-09-16 16:13:08'),
(39, 'Charlotte ', '07467879644', 'Charlotte@junofood.org ', 'Junofood', '5f623ee7ebdee.jpg', 'xyz', 1, 0, '2020-09-16 16:35:52', '2020-09-16 16:35:52'),
(40, 'George', '07384640564', 'Glstteatfield@gmail.com', 'password', '5f6482e87e66b.jpg', 'xyz', 1, 0, '2020-09-18 09:50:32', '2020-09-18 09:50:32'),
(41, 'Josh Magidson', '07766082445', 'joshmagidson@gmail.com', 'Password123', '5f667b2a880e8.jpg', 'xyz', 1, 0, '2020-09-19 21:42:02', '2020-09-19 21:42:02'),
(42, 'Numan Tariq', '03316583106', 'A@a.com', 'aaaaaa', '5f68b63047952.jpg', 'xyz', 1, 0, '2020-09-21 14:18:24', '2020-09-21 14:18:24'),
(43, 'Ali jutt', '03034561234', 'B@a.com', 'aaaaaa', '5f68b9f8766bb.jpg', 'xyz', 1, 0, '2020-09-21 14:34:32', '2020-09-21 14:34:32'),
(44, 'New User', '22222222222', 'Newuser@gmail.com', 'aaaaaa', '5f68bed219112.jpg', 'xyz', 1, 0, '2020-09-21 14:55:14', '2020-09-21 14:55:14'),
(45, 'New test', '23232323232', 'Newtest@gmail.com', 'aaaaaa', '5f68c08e70c1a.jpg', 'xyz', 1, 0, '2020-09-21 15:02:38', '2020-09-21 15:02:38'),
(46, 'Newtest', '22222222222', 'Testuser@gmail.com', 'aaaaaa', '5f68c0e4407b0.jpg', 'xyz', 1, 0, '2020-09-21 15:04:04', '2020-09-21 15:04:04'),
(47, 'Add', '12312312312', 'Asd@gmail.com', 'aaaaaa', '5f68c25898a7b.jpg', 'xyz', 1, 0, '2020-09-21 15:10:16', '2020-09-21 15:10:16'),
(48, 'Fdsfsd', '32423423423', 'Dasdasd@gmail.com', 'aaaaaa', '5f68c3177c30c.jpg', 'xyz', 1, 0, '2020-09-21 15:13:27', '2020-09-21 15:13:27'),
(49, 'Akash', '9718882523', 'akashdeep312@gmail.com', 'Akashdeep@312', '5f72b97c9e0ae.jpg', 'xyz', 1, 0, '2020-09-29 04:35:08', '2020-09-29 04:35:08');

-- --------------------------------------------------------

--
-- Table structure for table `user_role`
--

CREATE TABLE `user_role` (
  `id` int(11) NOT NULL,
  `user_id` int(11) NOT NULL,
  `role_id` int(11) NOT NULL
) ENGINE=InnoDB DEFAULT CHARSET=latin1;

--
-- Dumping data for table `user_role`
--

INSERT INTO `user_role` (`id`, `user_id`, `role_id`) VALUES
(2, 33, 1),
(4, 36, 1),
(5, 35, 2),
(6, 38, 1),
(7, 42, 1),
(8, 43, 1),
(9, 44, 1),
(10, 45, 1),
(11, 46, 1),
(12, 47, 1),
(13, 48, 1),
(14, 49, 1);

--
-- Indexes for dumped tables
--

--
-- Indexes for table `admin`
--
ALTER TABLE `admin`
  ADD PRIMARY KEY (`id`);

--
-- Indexes for table `comment_like`
--
ALTER TABLE `comment_like`
  ADD PRIMARY KEY (`id`);

--
-- Indexes for table `comment_reply`
--
ALTER TABLE `comment_reply`
  ADD PRIMARY KEY (`id`),
  ADD KEY `user_id` (`user_id`),
  ADD KEY `comment_id` (`comment_id`);

--
-- Indexes for table `liked_posts`
--
ALTER TABLE `liked_posts`
  ADD PRIMARY KEY (`id`),
  ADD KEY `post_id` (`post_id`),
  ADD KEY `user_id` (`user_id`);

--
-- Indexes for table `notifications`
--
ALTER TABLE `notifications`
  ADD PRIMARY KEY (`id`);

--
-- Indexes for table `posts`
--
ALTER TABLE `posts`
  ADD PRIMARY KEY (`id`);

--
-- Indexes for table `post_comments`
--
ALTER TABLE `post_comments`
  ADD PRIMARY KEY (`id`),
  ADD KEY `post_id` (`post_id`),
  ADD KEY `user_id` (`user_id`);

--
-- Indexes for table `post_image`
--
ALTER TABLE `post_image`
  ADD PRIMARY KEY (`id`),
  ADD KEY `post_id` (`post_id`);

--
-- Indexes for table `post_reports`
--
ALTER TABLE `post_reports`
  ADD PRIMARY KEY (`id`);

--
-- Indexes for table `role`
--
ALTER TABLE `role`
  ADD PRIMARY KEY (`id`);

--
-- Indexes for table `user`
--
ALTER TABLE `user`
  ADD PRIMARY KEY (`id`);

--
-- Indexes for table `user_role`
--
ALTER TABLE `user_role`
  ADD PRIMARY KEY (`id`),
  ADD KEY `role_id` (`role_id`),
  ADD KEY `user_id` (`user_id`);

--
-- AUTO_INCREMENT for dumped tables
--

--
-- AUTO_INCREMENT for table `admin`
--
ALTER TABLE `admin`
  MODIFY `id` int(11) NOT NULL AUTO_INCREMENT, AUTO_INCREMENT=2;

--
-- AUTO_INCREMENT for table `comment_like`
--
ALTER TABLE `comment_like`
  MODIFY `id` int(11) NOT NULL AUTO_INCREMENT, AUTO_INCREMENT=74;

--
-- AUTO_INCREMENT for table `comment_reply`
--
ALTER TABLE `comment_reply`
  MODIFY `id` int(11) NOT NULL AUTO_INCREMENT, AUTO_INCREMENT=59;

--
-- AUTO_INCREMENT for table `liked_posts`
--
ALTER TABLE `liked_posts`
  MODIFY `id` int(11) NOT NULL AUTO_INCREMENT, AUTO_INCREMENT=503;

--
-- AUTO_INCREMENT for table `notifications`
--
ALTER TABLE `notifications`
  MODIFY `id` int(11) NOT NULL AUTO_INCREMENT, AUTO_INCREMENT=601;

--
-- AUTO_INCREMENT for table `posts`
--
ALTER TABLE `posts`
  MODIFY `id` int(11) NOT NULL AUTO_INCREMENT, AUTO_INCREMENT=67;

--
-- AUTO_INCREMENT for table `post_comments`
--
ALTER TABLE `post_comments`
  MODIFY `id` int(11) NOT NULL AUTO_INCREMENT, AUTO_INCREMENT=150;

--
-- AUTO_INCREMENT for table `post_image`
--
ALTER TABLE `post_image`
  MODIFY `id` int(11) NOT NULL AUTO_INCREMENT, AUTO_INCREMENT=54;

--
-- AUTO_INCREMENT for table `post_reports`
--
ALTER TABLE `post_reports`
  MODIFY `id` int(11) NOT NULL AUTO_INCREMENT, AUTO_INCREMENT=4;

--
-- AUTO_INCREMENT for table `role`
--
ALTER TABLE `role`
  MODIFY `id` int(11) NOT NULL AUTO_INCREMENT, AUTO_INCREMENT=5;

--
-- AUTO_INCREMENT for table `user`
--
ALTER TABLE `user`
  MODIFY `id` int(11) NOT NULL AUTO_INCREMENT, AUTO_INCREMENT=50;

--
-- AUTO_INCREMENT for table `user_role`
--
ALTER TABLE `user_role`
  MODIFY `id` int(11) NOT NULL AUTO_INCREMENT, AUTO_INCREMENT=15;

--
-- Constraints for dumped tables
--

--
-- Constraints for table `comment_reply`
--
ALTER TABLE `comment_reply`
  ADD CONSTRAINT `comment_reply_ibfk_1` FOREIGN KEY (`user_id`) REFERENCES `user` (`id`),
  ADD CONSTRAINT `comment_reply_ibfk_2` FOREIGN KEY (`comment_id`) REFERENCES `post_comments` (`id`);

--
-- Constraints for table `liked_posts`
--
ALTER TABLE `liked_posts`
  ADD CONSTRAINT `liked_posts_ibfk_1` FOREIGN KEY (`post_id`) REFERENCES `posts` (`id`),
  ADD CONSTRAINT `liked_posts_ibfk_2` FOREIGN KEY (`user_id`) REFERENCES `user` (`id`);

--
-- Constraints for table `post_comments`
--
ALTER TABLE `post_comments`
  ADD CONSTRAINT `post_comments_ibfk_1` FOREIGN KEY (`post_id`) REFERENCES `posts` (`id`),
  ADD CONSTRAINT `post_comments_ibfk_2` FOREIGN KEY (`user_id`) REFERENCES `user` (`id`);

--
-- Constraints for table `post_image`
--
ALTER TABLE `post_image`
  ADD CONSTRAINT `post_image_ibfk_1` FOREIGN KEY (`post_id`) REFERENCES `posts` (`id`);

--
-- Constraints for table `user_role`
--
ALTER TABLE `user_role`
  ADD CONSTRAINT `user_role_ibfk_1` FOREIGN KEY (`role_id`) REFERENCES `role` (`id`),
  ADD CONSTRAINT `user_role_ibfk_2` FOREIGN KEY (`user_id`) REFERENCES `user` (`id`);
COMMIT;

/*!40101 SET CHARACTER_SET_CLIENT=@OLD_CHARACTER_SET_CLIENT */;
/*!40101 SET CHARACTER_SET_RESULTS=@OLD_CHARACTER_SET_RESULTS */;
/*!40101 SET COLLATION_CONNECTION=@OLD_COLLATION_CONNECTION */;
